color,doc
#7B4D2B,10001.txt
#9FD4AC,10002.txt
#220EE6,10003.txt
#07A15F,10004.txt
#0856A3,10005.txt
#9FBEC2,10006.txt
#5B07C4,10007.txt
#F16122,10008.txt
#BD0440,10009.txt
#931695,10010.txt
#6E14D0,10011.txt
#D5DB15,10012.txt
#16ED6C,10013.txt
#E29945,10014.txt
#6AA715,10015.txt
#D12F2B,10016.txt
#F1749E,10017.txt
#039F8D,10018.txt
#7DF7D0,10019.txt
#7A870A,10020.txt
#F340CE,10021.txt
#DA4282,10022.txt
#DA8137,10023.txt
#4C4398,10024.txt
#156EAA,10025.txt
#BBFC20,10026.txt
#4F9310,10027.txt
#F0B13A,10028.txt
#99ADC1,10029.txt
#BDB08F,10030.txt
#80EEE2,10031.txt
#63BA3A,10032.txt
#81D17B,10033.txt
#608D4E,10034.txt
#9D9A79,10035.txt
#47B670,10036.txt
#D483DF,10037.txt
#32D5EE,10038.txt
#170960,10039.txt
#199829,10040.txt
#8DCD0C,10041.txt
#24D909,10042.txt
#942D68,10043.txt
#3EED0A,10044.txt
#BC0129,10045.txt
#249D0E,10046.txt
#AAAAF7,10047.txt
#9A9F9C,10048.txt
#F50E19,10049.txt
#05D217,10050.txt
#D45025,10051.txt
#7C8944,10052.txt
#11B3A7,10056.txt
#F38942,10057.txt
#C9B356,10058.txt
#DD5353,10059.txt
#4A82EE,10060.txt
#543F9D,10062.txt
#267D9E,10063.txt
#ED749F,10064.txt
#FA1E2C,1jcfs10.txt
#F8E22C,2babb10.txt
#5C2EA7,3babb10.txt
#354CE1,50bab10.txt
#0DFE6E,ajtl10.txt
#54BE86,allyr10.txt
#E56D2E,alpsn10.txt
#B26FB4,balen10.txt
#D62799,baleng2.txt
#517412,batlf10.txt
#49843B,bgopr10.txt
#6F10E2,brnte10.txt
#8FB6B8,bstjg10.txt
#CC4C38,cambp10.txt
#CB3362,canbe10.txt
#F46F9A,cantp10.txt
#415788,cfrz10.txt
#8F6F2C,crsnk10.txt
#DCF52E,esbio10.txt
#5A6304,grybr10.txt
#BDBCE6,mklmt10.txt
#581247,morem10.txt
#B2B7CC,mspcd10.txt
#ABD394,penbr10.txt
#18F9CF,pgjr10.txt
#8429BB,pntvw10.txt
#471250,prcpg10.txt
#FB500C,prhg10.txt
#3AAD96,prhsb10.txt
#424009,rlsl110.txt
#5241EA,rlsl210.txt
#D9B73C,rmlav10.txt
#BAC2E8,sesli10.txt
#DAF9AD,svyrd10.txt
#8068E8,tecom10.txt
#7AE035,utrkj10.txt
#18B124,vpasm10.txt
#E2CEB4,wldsp10.txt
#F230B2,wtrbs10.txt
#66A526,zncli10.txt
